"","","Index value","Global rank","population age 60+ ('000000) in 2015","share of people 60+, 2015","share of people 60+, 2030","share of people 60+, 2050","I. INCOME SECURITY INDEX Value","I. INCOME SECURITY INDEX Rank","Pension income coverage","Poverty rate (relative definition) in old age","Relative welfare of the elderly","GNI per capita","II. HEALTH STATUS INDEX Value","II. HEALTH STATUS INDEX Rank","LE60","HALE60","Mental well-being (relative)","III. CAPABILITY Index Value","III. CAPABILITY Index Rank","Education","Employment","IV. ENABLING ENVIRONMENT Index Value","IV. ENABLING ENVRIONMENT Index Rank","Social Connectedness","Safe Walking Alone","Freedom in Your Life","Public transport","National policy on ageing","Region","Regional average Income security","Regional average Health status","Regional average Capability","Regional average Enabling environment"
"1","Afghanistan","3.6357522566596527","96",1.299657,3.99567897769214,5.08898954869422,9.00416850220756,"23.292407666124873","83","10","7.1999999999999993","102.2413598",1703.00075549153,"7.1028690904699774","96",16,9.248,"90.476190476190482","12.081798436418145","91","5.1864877102199225",47.2,"47.048490733627197","95","50","43","53","43","no information","Asia-Pacific Group",45.5774473381595,42.0009237863106,28.0566904216561,67.211757367127
"2","Albania","47.006110789863882","53",0.514689,17.7682442548864,25.4665108301208,30.9184258929576,"68.77830983488802","45","77","5.3","90.610618500000001",10060.782712246,"45.74119965262306","61",19,15.219,"93.548387096774192","49.01702375848636","24","59.722768496420045",57.7,"54.655698574253641","86","71","49","56.999999999999993","45","yes ","Eastern European Group",69.6336873981665,44.0479843823774,41.2612613715638,61.52817760982
"3","Argentina","57.550359354762996","31",6.559374,15.1079324099648,17.4903287714317,23.5982074054769,"79.001033748367519","20","90.7","10.4","108.69299640000001",15347,"59.36219986854681","40",21,16.591,"96.84210526315789","40.847185997548607","34","39.651567567567575",59.2,"61.673736923862684","66","87","41","78","52","pending","Latin American and Caribbean Group (GRULAC)",55.8657534132848,63.2842574883362,33.8205571328688,63.2067074718106
"4","Armenia","51.144966609619978","43",0.493084,16.3396639573293,23.7771131218605,33.0688029434885,"75.116547494759317","32","100","6.9","93.167519600000006",7584.29062084436,"34.002048560567964","74",17,15.233,"90.322580645161281","62.061171765496702","9","83.742379862700247",61.7,"58.859385193753205","73","63","84","42","54","yes ","Eastern European Group",69.6336873981665,44.0479843823774,41.2612613715638,61.52817760982
"5","Australia","70.970909269452036","17",4.886935,20.388587362504,24.6247871869423,28.3106225982934,"53.492532884493357","62","83","33.4","65.379760437587493",41241.8941886558,"79.757645450290994","5",25,18.708,"95.50561797752809","62.482872019587582","8","85.392743902439037",61.5,"72.473058708241112","26","92","57.999999999999993","94","55.000000000000007","yes ","Western European and Others Group (WEOG)",78.9389427534014,74.4421025772514,47.8963670031928,74.2945143248702
"6","Austria","74.381542081783095","13",2.063717,24.1523345894114,32.3772346288178,37.0992283220144,"84.300051058765064","6","100","10","98",44911.4997696801,"72.67044256271538","19",24,17.989,"92.10526315789474","37.616191470283226","40","63.442254160363078",44.9,"82.681803123039927","2","93","81","94","66","yes ","Western European and Others Group (WEOG)",78.9389427534014,74.4421025772514,47.8963670031928,74.2945143248702
"7","Bangladesh","41.115694268074918","67",11.234736,6.97828578490342,11.5446061675706,21.5081270372202,"47.23796221766559","71","39.5","7.8","99.89293219999999",2953.89264874905,"37.690505623129198","71",18,13.81,"97.872340425531917","24.231373003574067","76","23.956461703267276",46.8,"67.507790908324012","41","50","86","70","69","yes ","Asia-Pacific Group",45.5774473381595,42.0009237863106,28.0566904216561,67.211757367127
"8","Belarus","42.149281617101906","64",1.927403,20.2973706552753,25.175917806852,29.6622647419554,"65.067933816077513","50","93.5","18.399999999999999","73.003802300000004",16418.053643179,"28.563687929561691","84",19,13.6,"65.822784810126578","26.963837408391647","66","44.96520065156227",40.58,"67.149873078971595","44","84","61","64","62","no information","Eastern European Group",69.6336873981665,44.0479843823774,41.2612613715638,61.52817760982
"9","Belgium","63.407629364985169","24",2.725372,24.1200609742714,29.4840464721356,32.5614412944412,"73.06666782213658","39","84.6","6.3","79",41450.3037458192,"68.690971592481944","30",23,17.481,"94.444444444444443","32.917335764755435","48","60.852437574316276",41.7,"73.376209799236946","24","89","55.000000000000007","94","63","no information","Western European and Others Group (WEOG)",78.9389427534014,74.4421025772514,47.8963670031928,74.2945143248702
"10","Bolivia (Plurinational State of)","46.213840759372964","55",0.988304,9.21520918290993,11.3768204262031,16.9987478515895,"62.770781521051418","55","95","30.3","102.7747035",5297.21891649742,"46.387516245985537","59",19,15.24,"95.744680851063833","39.93456717171199","37","23.506499999999999",78.3,"57.108440213343862","78","66","34","79","60","pending","Latin American and Caribbean Group (GRULAC)",55.8657534132848,63.2842574883362,33.8205571328688,63.2067074718106
"11","Brazil","46.156602051769767","56",24.391615,11.7353404366686,18.7520534289963,29.3288927869628,"81.495458556619468","13","86.3","8.7999999999999989","126.33058939999999",14103.1361159362,"57.43735407841541","43",21,16.084,"95.876288659793815","29.87293589446756","58","26.591495577457675",53.3,"54.587562748719812","87","87","28.000000000000004","81","45","yes","Latin American and Caribbean Group (GRULAC)",55.8657534132848,63.2842574883362,33.8205571328688,63.2067074718106
"12","Bulgaria","49.683222625483189","49",1.926025,26.9382150824913,30.1305746430256,36.4266628584889,"67.881385559407121","46","96.899999999999991","18.8","78.588046899999995",14953.1491010754,"40.004214912468939","68",19,14.487,"82.051282051282044","47.500449943756664","27","87.154025755879047",47.4,"59.819587216186029","69","83","51","55.000000000000007","55.000000000000007","no information","Eastern European Group",69.6336873981665,44.0479843823774,41.2612613715638,61.52817760982
"13","Cambodia","34.444732911817262","80",1.052747,6.75795240423628,10.3814093364357,17.6054764976262,"16.893757023603705","91","5","6.2","100.2019068",2676.09995811886,"53.300209858004202","51",24,13.511,"87.058823529411768","23.958829186899809","77","8.4233815925542928",81.4,"72.244046383701303","27","56.999999999999993","62","94","82","yes ","Asia-Pacific Group",45.5774473381595,42.0009237863106,28.0566904216561,67.211757367127
"14","Canada","83.963401557111126","5",8.020947,22.317649671353,29.3574047119578,32.4451395245562,"82.856809005386353","10","97.7","6.84415","93.280844214706107",40798.7462567429,"80.277057728349092","4",25,18.296,"100","61.206639746549072","10","84.548272243570793",60.5,"78.859946864692191","9","94","79","93","56.000000000000007","no information","Western European and Others Group (WEOG)",78.9389427534014,74.4421025772514,47.8963670031928,74.2945143248702
"15","Chile","66.267240786070928","21",2.817708,15.6991634955397,23.7033056758281,32.8689159626188,"70.81968595924468","43","83","15.2","91.391600299999993",20180.5997848162,"74.373382482959826","14",24,17.922,"96.590909090909093","49.524376831832932","22","48.205539280958725",65.4,"66.02152368152278","49","79","50","74","65","yes","Latin American and Caribbean Group (GRULAC)",55.8657534132848,63.2842574883362,33.8205571328688,63.2067074718106
"16","China","48.685254824985385","52",209.239549,15.205821716183,25.3008952327213,36.4623511689604,"39.192141161980551","75","74.400000000000006","23.9","50",10727.2792452246,"46.523590192981068","58",19,16.792,NA,"37.775525266657056","39","30.095241331541523",59.6,"71.759065321441724","28","63","78","76","71","yes ","Asia-Pacific Group",45.5774473381595,42.0009237863106,28.0566904216561,67.211757367127
"17","Colombia","54.290281574757969","36",5.226155,10.8361920735005,18.2806493232491,27.6169280198226,"48.332292149612641","69","30.9","20.100000000000001","121.92687049999999",11167.424261806,"72.83756090721387","18",25,16.481,"97.979797979797979","33.011014958184617","47","28.041291934332619",57.1,"67.475061476138151","42","86","44","83","66","yes ","Latin American and Caribbean Group (GRULAC)",55.8657534132848,63.2842574883362,33.8205571328688,63.2067074718106
"18","Costa Rica","59.61015137234174","28",0.613416,12.7586343167944,20.5290938633521,30.3659933461438,"64.580978243709779","52","55.800000000000004","14.6","120.21626549999999",12920.1200474768,"73.777915863082924","15",23,18.409,"100","29.169094541020744","60","25.487808219178078",53.2,"71.567164520455947","29","86","40","93","82","yes","Latin American and Caribbean Group (GRULAC)",55.8657534132848,63.2842574883362,33.8205571328688,63.2067074718106
"19","Croatia","43.972839848003609","61",1.100202,25.9462205302104,30.9955933975652,36.8160917211903,"50.498401045974731","67","57.599999999999994","24.9","70.714985900000002",19580.4730932815,"55.276974048215614","49",21,15.644,"93.670886075949369","29.978128568131243","56","72.700242763772181",37.8,"58.884103078263948","72","70","71","59","41","no information","Eastern European Group",69.6336873981665,44.0479843823774,41.2612613715638,61.52817760982
"20","Cyprus","58.241564088048115","30",0.209438,17.9728825195229,23.7444067243901,33.1761021990485,"71.709470188903623","41","80","8","84",30797.0962508366,"70.682158662188058","24",24,17.422,"91.83673469387756","34.827229593616465","43","42.212437499999993",49.6,"63.830604591387626","55","61","68","69","57.999999999999993","yes","Asia-Pacific Group",45.5774473381595,42.0009237863106,28.0566904216561,67.211757367127
"21","Czech Republic","65.628123886389204","22",2.63027,24.947582258342,28.9350673335369,36.9547729898767,"81.764882262792284","12","100","1.7","88",26406.7742614393,"56.087701047005808","47",21,16.146,"91.304347826086953","56.370349107828631","17","99.828973042361994",51.6,"65.816731173657814","50","86","57.999999999999993","66","56.999999999999993","yes ","Eastern European Group",69.6336873981665,44.0479843823774,41.2612613715638,61.52817760982
"22","Denmark","78.601811059966721","11",1.400612,24.706156077149,29.3813019673899,29.9250078541807,"80.920193809551421","16","100","3.1","82",43424.3623080605,"68.137975963656828","33",23,16.822,"98.888888888888886","59.889235126723513","11","78.031667977970116",61.7,"77.687475829270383","14","94","78","92","54","no information","Western European and Others Group (WEOG)",78.9389427534014,74.4421025772514,47.8963670031928,74.2945143248702
"23","Dominican Republic","43.740311735538654","62",1.022798,9.71466580221042,14.2474910577372,21.0568526190204,"30.080643459293508","80","11.1","17","111.8077242",10994.6274296997,"60.983659643101682","39",23,15.456,"92.783505154639172","29.947796747738956","57","24.206343115124152",55.9,"67.276574125815003","43","84","40","91","67","no information","Latin American and Caribbean Group (GRULAC)",55.8657534132848,63.2842574883362,33.8205571328688,63.2067074718106
"24","Ecuador","50.893450237619255","44",1.602407,9.92548916299764,14.5172477442108,21.8360723042432,"62.547316907594976","56","73","25.4","103.58063740000001",10081.7064863685,"69.243875014086413","28",22,18.297,"98.969072164948457","25.081261543904649","72","12.402189892802451",66.9,"63.380128603610672","58","69","46","82","62","no information","Latin American and Caribbean Group (GRULAC)",55.8657534132848,63.2842574883362,33.8205571328688,63.2067074718106
"25","El Salvador","46.913053918703049","54",0.70282,11.4716474093308,15.7591938254123,24.094410980615,"38.126246092560429","77","21.9","20.9","105.88233529999999",7165.27808319261,"66.339720196917341","34",22,17.139,"101.04166666666667","29.755392422331834","59","19.501862745098038",62.2,"65.34067420402927","53","72","51","68","73","yes ","Latin American and Caribbean Group (GRULAC)",55.8657534132848,63.2842574883362,33.8205571328688,63.2067074718106
"26","Estonia","64.949921401674999","23",0.331008,25.2185427234454,29.0588749094167,35.1069530320704,"70.710072835987333","44","98","6.5","70",23251.0284584294,"49.998754368317364","55",21,16.23,"77.215189873417728","64.803988857704354","6","88.819453924914669",62.6,"68.121215293499034","39","84","57.999999999999993","65","68","no information","Eastern European Group",69.6336873981665,44.0479843823774,41.2612613715638,61.52817760982
"27","Finland","72.688357292752031","14",1.49569,27.1772814796227,31.4984764684212,32.3982197507936,"80.314347074102784","17","100","5","83",39699.1749141222,"70.780830124499744","21",24,17.461,"91.764705882352942","44.781420538153583","29","48.627117870722429",58.5,"76.127793655333363","18","88","72","93","56.999999999999993","yes","Western European and Others Group (WEOG)",78.9389427534014,74.4421025772514,47.8963670031928,74.2945143248702
"28","France","71.212774909512817","16",16.249158,25.2334357398039,29.880444490459,31.7580399284773,"88.414943207182276","3","100","3.4","105",37830.3830033411,"78.34444269216894","7",25,18.786,"91.954022988505741","35.769944194566698","42","55.042052083333338",45.6,"74.17869080113762","23","93","62","89","59","yes ","Western European and Others Group (WEOG)",78.9389427534014,74.4421025772514,47.8963670031928,74.2945143248702
"29","Georgia","58.842806610891706","29",0.770423,19.2614802895736,25.0556177408056,33.0402729959967,"66.36280579426743","48","89.8","19","94.754294999999999",6137.41550912645,"46.211696968136657","60",20,15.244,"82.417582417582409","53.903856629622723","19","65.32313341493267",60.7,"67.093067873680013","45","43","85","66","84","no information","Eastern European Group",69.6336873981665,44.0479843823774,41.2612613715638,61.52817760982
"30","Germany","84.306166695681071","4",22.26861,27.5982297115408,36.1232813389922,39.2884795802625,"80.926892652997282","15","100","9.6999999999999993","88",44400.7116176993,"75.585898291727048","11",24,17.759,"101.16279069767442","68.447615940217801","3","96.442586158058717",63.5,"78.644449736321477","11","90","70","88","69","yes","Western European and Others Group (WEOG)",78.9389427534014,74.4421025772514,47.8963670031928,74.2945143248702
"31","Ghana","34.199989031787503","81",1.443833,5.26756160631492,6.54625583737773,9.65283119812069,"19.63000196648683","88","7.6","21.4","87.324533900000006",3457.66548757877,"31.907071547843277","77",17,13.752,"97.959183673469383","49.346819255768118","23","35.594808853118707",78.2,"63.717249858164088","56","63","81","85","38","yes ","African group",30.4874988065445,29.1489265466507,23.4926494846283,58.1856300355838
"32","Greece","34.472551626059477","79",2.961229,27.0317894272342,33.2047557055289,40.7782194742499,"76.804647491454446","28","77.400000000000006","7.7","106",26215.307255214,"70.744447963195242","22",24,17.368,"92.391304347826093","16.927310906465124","87","31.308327796234771",35.6,"49.599567239897034","91","61","48","39","53","no information","Western European and Others Group (WEOG)",78.9389427534014,74.4421025772514,47.8963670031928,74.2945143248702
"33","Guatemala","44.680725225274102","59",1.145304,7.00796192988305,8.5583522574832,14.2480933971475,"42.357659804705179","74","28.499999999999996","19","100.5206001",6805.90663161548,"57.030000911594506","44",21,15.951,"95.959595959595958","21.144261474330285","81","10.967252985884908",59.7,"70.19737790028465","34","70","53","85","77","yes","Latin American and Caribbean Group (GRULAC)",55.8657534132848,63.2842574883362,33.8205571328688,63.2067074718106
"34","Honduras","34.127796498287843","82",0.581327,7.19904248389486,10.7180450328585,19.4945954263588,"21.361320773627167","85","8.4","28.9","105.87342889999999",4124.12866482322,"56.170284164278648","46",22,14.586,"97.916666666666657","25.025134383843863","73","13.424213836477989",63.7,"61.960941253931637","65","76","46","68","62","no information","Latin American and Caribbean Group (GRULAC)",55.8657534132848,63.2842574883362,33.8205571328688,63.2067074718106
"35","Hungary","52.179353467451321","39",2.455256,24.9137521038764,27.5912461015592,34.5725253417541,"73.1651979098894","38","91.4","9.7000000000000011","82.794877400000004",21563.0470409828,"47.449302548660654","57",20,14.978,"87.912087912087912","35.82687686868487","41","95.958095452498867",38.5,"63.14800073142721","60","87","44","67","62","yes ","Eastern European Group",69.6336873981665,44.0479843823774,41.2612613715638,61.52817760982
"36","Iceland","81.836607539237519","7",0.063111,19.1579266904455,25.7859081193357,30.8668494898615,"86.557952914125039","4","100","1.6","98",34848.0668596592,"78.200241545520683","8",25,17.806,NA,"54.505267720976619","18","40.901923076923076",81.1,"78.792976270856045","10","92","70","95","63","no information","Western European and Others Group (WEOG)",78.9389427534014,74.4421025772514,47.8963670031928,74.2945143248702
"37","India","37.859157641901412","71",116.552818,8.89003250444519,12.4851009517976,19.3535678516905,"45.90652562601197","72","28.9","5.0999999999999996","108.74007619999999",4991.40679515798,"27.042226917519141","87",17,12.573,"89.361702127659569","30.144703896770164","55","22.35621401950678",54.5,"65.346416088261179","52","52","66","77","69","no information","Asia-Pacific Group",45.5774473381595,42.0009237863106,28.0566904216561,67.211757367127
"38","Indonesia","36.594552934245286","74",21.194437,8.22881001354946,13.1843065784523,19.2082235145855,"19.904966051724937","86","8.1","12",NA,8595.02508331951,"37.804723965097303","70",18,14.286,"91.83673469387756","28.784684142519733","61","16.194914476827517",66.7,"79.018344591690379","8","78","89","78","72","yes","Asia-Pacific Group",45.5774473381595,42.0009237863106,28.0566904216561,67.211757367127
"39","Iraq","23.202621350508117","87",1.81657,4.98737144080062,5.84799753774599,8.84838232134848,"59.059388959760838","60","56.2","18.2","97.509787299999999",13233.4575714011,"32.828468336694193","75",18,14.173,NA,"11.900423289695713","92","11.453962008141112",32.2,"49.572549762471233","92","66","50","30","61","no information","Asia-Pacific Group",45.5774473381595,42.0009237863106,28.0566904216561,67.211757367127
"40","Ireland","71.952011348308986","15",0.860786,18.3596550256854,24.352342458641,30.955306323631,"79.945872886386994","18","90.5","7.3","94",36737.3008486894,"73.144865859090658","17",24,17.545,"96.703296703296701","40.627715158429062","35","52.885221606648201",51.3,"77.018720733499265","16","95","66","92","61","yes ","Western European and Others Group (WEOG)",78.9389427534014,74.4421025772514,47.8963670031928,74.2945143248702
"41","Israel","70.08298862311716","18",1.277514,15.8421167762644,18.0866335616161,21.8729475832691,"67.795047773119919","47","73.599999999999994","20.597360000000002","95.760189995778106",30144.9483567008,"69.792368502524255","26",24,17.891,"86.813186813186817","59.22480277806428","13","70.164808946877912",64.6,"69.631633067098605","35","91","69","72","52","no information","Western European and Others Group (WEOG)",78.9389427534014,74.4421025772514,47.8963670031928,74.2945143248702
"42","Italy","53.514913530728236","37",17.107936,28.6096961780377,36.5567613209691,40.7268582624831,"78.221396146250086","24","81","7.4","101",34935.1086547858,"78.686124915711972","6",25,18.504,"94.623655913978496","28.186619374182875","63","41.585848200410261",42.7,"58.537345211309542","74","91","55.000000000000007","46","51","no information","Western European and Others Group (WEOG)",78.9389427534014,74.4421025772514,47.8963670031928,74.2945143248702
"43","Japan","80.791786422575598","8",41.872752,33.0817732665502,37.3005739979227,42.4876022461379,"75.051599265154579","33","98.4","19.434170000000002","87.653900822030693",36092.7904557326,"83.891788020799197","1",26,20.316,"87.804878048780495","62.718679514734184","7","74.068494836865568",66.8,"75.008825108893518","21","89","76","78","60","no information","Asia-Pacific Group",45.5774473381595,42.0009237863106,28.0566904216561,67.211757367127
"44","Jordan","28.581330527126209","85",0.413761,5.44813271943672,8.5815438786857,15.8137843771937,"59.368447686789558","58","42.199999999999996","4.5513903259373238","117.067603619048",11200.6356106354,"43.612262560864401","67",19,15.038,"88.043478260869563","4.3543773841487159","95","30.071489971346704",22.5,"70.627942953185055","32","72","90","64","60","yes ","Asia-Pacific Group",45.5774473381595,42.0009237863106,28.0566904216561,67.211757367127
"45","Republic of Korea","44.007842938181739","60",9.324746,18.5406808231984,31.4197502784776,41.5121024225164,"24.715355401071147","82","77.600000000000009","48.529109999999996","62.373712825569207",32224.5608001344,"58.212292001671848","42",24,18.25,"70","47.564941299853324","26","45.886304235537189",64.3,"64.059582423625372","54","60","59","67","71","no information","Asia-Pacific Group",45.5774473381595,42.0009237863106,28.0566904216561,67.211757367127
"46","Kyrgyzstan","48.783779001376296","51",0.419867,7.06851323291294,11.2624502511328,16.0929986687456,"64.848534315477337","51","100","9.1","87.261432800000009",2766.08823916414,"28.908425481407964","83",17,13.291,"88.421052631578945","42.273057820448372","32","76.142913752913742",45.7,"69.595175208424408","36","82","61","67","70","no information","Asia-Pacific Group",45.5774473381595,42.0009237863106,28.0566904216561,67.211757367127
"47","Lao People's Dem. Republic","29.431665924275844","83",0.407397,5.98935052116113,8.07457696197119,14.6547102958399,"19.690561407778592","87","5.6000000000000005","4.5","104.51349379999999",4096.37496669897,"29.717159686932686","82",17,13.031,"96.969696969696969","18.979348482707476","85","6.5246648044692757",69.9,"75.458409398342496","20","66","84","86","68","yes ","Asia-Pacific Group",45.5774473381595,42.0009237863106,28.0566904216561,67.211757367127
"48","Latvia","55.244241630173462","35",0.505577,25.6572560407165,28.9880522994936,33.1122843768572,"74.539379206373695","34","100","8","79",19656.0369573328,"44.080485482772971","66",20,15.184,"78.048780487804876","57.004347080837064","15","89.498134615384615",54.8,"60.110693297914032","68","73","48","54","69","no information","Eastern European Group",69.6336873981665,44.0479843823774,41.2612613715638,61.52817760982
"49","Lithuania","43.204789301708914","63",0.719208,24.9863379197854,28.6744660961347,29.919125778758,"63.755844846032495","53","100","23.559719037361312","69.431521766657383",21489.6664673719,"44.202816149180897","65",21,15.775,"70.588235294117652","50.017622735586663","21","72.987609618104671",53.4,"52.634733126972797","90","82","39","48","50","yes ","Eastern European Group",69.6336873981665,44.0479843823774,41.2612613715638,61.52817760982
"50","Luxembourg","69.532077380295462","19",0.108384,19.1116361905098,24.7259385801472,28.973669013173,"89.74417059450532","1","90","2.7","115.99999999999999",59241.891609025,"76.607767230222819","10",25,17.451,NA,"30.956328758076033","53","59.450106382978731",40.5,"76.095215652728982","19","90","56.999999999999993","86","76","no information","Western European and Others Group (WEOG)",78.9389427534014,74.4421025772514,47.8963670031928,74.2945143248702
"51","Malawi","4.1261230668086792","95",0.849399,4.93399682327836,4.58126705151536,7.59169930570797,"5.5941805777367604","96","4.1000000000000005","17.5","80.3012224",716.897121643761,"18.847931224453607","95",16,11.483,"100","19.008251048281231","84","4.461449487554904",96.4,"48.393570433373121","94","48","36","69","46","pending","African group",30.4874988065445,29.1489265466507,23.4926494846283,58.1856300355838
"52","Malta","49.78973544385736","47",0.106985,25.5535385864762,30.3750239471434,36.2074753804834,"63.532969391933428","54","61.6","7","82",26756.6362058743,"72.111025509279798","20",24,17.32,NA,"18.892496441828747","86","35.171758241758241",36.3,"66.388000125454013","47","90","69","92","34","no information","Western European and Others Group (WEOG)",78.9389427534014,74.4421025772514,47.8963670031928,74.2945143248702
"53","Mauritius","51.753433516248464","42",0.187529,14.7288118553705,23.2987303764274,30.6405407309668,"82.881325403963217","9","100","6.4","104.51768939999999",15796.8685104957,"45.034708836629555","63",20,14.841,NA,"24.616877360232511","75","25.980567375886526",45.9,"69.184534145746454","38","76","55.000000000000007","87","63","yes","African group",30.4874988065445,29.1489265466507,23.4926494846283,58.1856300355838
"54","Mexico","56.255528153656478","33",12.176817,9.58674470794607,14.9152962381484,24.6655056269503,"73.380396208959937","36","88","20.9","108.4406895",16046.2536747533,"64.54790740011677","35",22,17.282,"94.565217391304344","28.671571081637609","62","22.991394173602853",55,"66.669799779124233","46","80","56.000000000000007","70","63","no information","Latin American and Caribbean Group (GRULAC)",55.8657534132848,63.2842574883362,33.8205571328688,63.2067074718106
"55","Republic of Moldova","35.059758660368956","77",0.674047,16.5658408163195,22.3601204587017,33.5989797598514,"53.446492410492297","63","72.8","16.900000000000002","72.826969500000004",4640.16615127377,"25.758801484509092","90",17,13.563,"74.117647058823536","32.013315141297788","50","75.965796847635715",38.6,"57.653619409224504","76","76","44","59","56.000000000000007","no information","Eastern European Group",69.6336873981665,44.0479843823774,41.2612613715638,61.52817760982
"56","Mongolia","37.390115661287119","72",0.188743,6.37831879191682,11.9489241697151,21.0758117993463,"75.763622195909036","31","100","7.7","96.601317600000002",7462.97940935316,"20.504311552206456","93",16,12.065,"100","27.857956517985993","64","57.694753086419745",38.6,"62.943092624584111","62","92","47","66","55.000000000000007","pending","Asia-Pacific Group",45.5774473381595,42.0009237863106,28.0566904216561,67.211757367127
"57","Montenegro","39.688518050375713","68",0.126806,20.2636385572589,25.2042443323918,30.5374419892003,"56.30136079980192","61","52.300000000000004","10.100000000000001","82.349680800000002",13947.0596662018,"49.101724450041573","56",20,14.857,"94.505494505494497","20.602930180072242","82","35.499029126213593",37.6,"58.903648025841576","70","66","76","48","50","no information","Eastern European Group",69.6336873981665,44.0479843823774,41.2612613715638,61.52817760982
"58","Morocco","29.268877470972591","84",3.316516,9.64734183344454,15.1099229221519,23.4322696015789,"52.242829748232651","65","39.800000000000004","9.7938840690619173","105.46406839713471",6553.49087381331,"37.509956277254439","72",18,14.419,"89.130434782608688","14.607083870122029","88","10.101879058441559",45,"53.946486068376608","89","53","68","50","47","yes","African group",30.4874988065445,29.1489265466507,23.4926494846283,58.1856300355838
"59","Mozambique","4.4599098189376365","94",1.432173,5.11895065037669,5.15919415027955,6.21665374058017,"22.772029973225571","84","17.3","19.100000000000001","90.766724600000003",1018.55744976582,"18.904239972090416","94",16,11.648,"95.6989247311828","4.5030288937742071","94","1.0453160173160174",70.4,"45.138984413910094","96","72","31","60","31","yes ","African group",30.4874988065445,29.1489265466507,23.4926494846283,58.1856300355838
"60","Nepal","38.189890085621457","70",2.456174,8.61401361450811,10.7906726316196,17.9499004603333,"52.972911452703471","64","56.2","10.439191582526794","109.16951309227055",2135.39849453748,"31.155574653912261","79",17,14.327,"86.813186813186817","24.931836915367054","74","8.403221550302364",84.5,"63.159363223637229","59","74","56.000000000000007","64","60","yes ","Asia-Pacific Group",45.5774473381595,42.0009237863106,28.0566904216561,67.211757367127
"61","Netherlands","83.011240529138703","6",4.148324,24.5101412242261,31.9995682946503,33.2446045008828,"85.867838351368377","5","100","3","94",45959.2150112625,"74.791927908602858","13",24,17.806,"98.630136986301366","59.632002676114396","12","81.313169717138095",60.1,"79.56592319662758","5","91","76","95","61","yes ","Western European and Others Group (WEOG)",78.9389427534014,74.4421025772514,47.8963670031928,74.2945143248702
"62","New Zealand","76.021281364377501","12",0.921049,20.3388254809622,27.00190449018,29.423651156885,"78.38463107248765","23","98","9.1","86.233946840670399",30885.9141252007,"77.754001916308908","9",25,18.249,"94.444444444444443","57.764046432544745","14","52.51636713735558",74.4,"71.536856662937637","30","95","57.999999999999993","97","49","no information","Western European and Others Group (WEOG)",78.9389427534014,74.4421025772514,47.8963670031928,74.2945143248702
"63","Nicaragua","46.013111188675929","57",0.472736,7.77266545128339,12.4844294927765,23.3740533275407,"38.296321702008932","76","23.7","16.5","103.44629270000001",4234.18913594522,"56.988020935383638","45",21,15.753,"97.959183673469383","26.041773364018322","68","13.766489028213163",62.2,"70.566553983449865","33","80","54","82","70","no information","Latin American and Caribbean Group (GRULAC)",55.8657534132848,63.2842574883362,33.8205571328688,63.2067074718106
"64","Nigeria","25.307145140533002","86",8.158284,4.47760491185051,4.76943891511406,6.33920442351097,"17.700561583629575","90","5","15.7","105.995273",5018.00467073943,"25.903464497184203","88",16,14.356,"102.15053763440861","32.30030858613226","49","17.361552100381889",70.5,"58.272510653004588","75","74","70","53","42","pending","African group",30.4874988065445,29.1489265466507,23.4926494846283,58.1856300355838
"65","Norway","89.274845233936745","2",1.133655,21.7551751910922,26.2214846726699,29.4861321328168,"89.370534931710381","2","100","1.8","99",64241.5090342557,"73.538856524726867","16",24,17.415,"98.876404494382015","76.340600850463304","1","98.297040618955506",71.1,"80.091592582383399","4","89","86","96","56.000000000000007","no information","Western European and Others Group (WEOG)",78.9389427534014,74.4421025772514,47.8963670031928,74.2945143248702
"66","Pakistan","12.724243844855758","92",12.475951,6.60365717644994,8.43994671032076,12.9085723506565,"6.4029895115389603","95","2.2999999999999998","1.7999999999999998","103.9227178",4557.3065177807,"31.784853844771263","78",17,13.833,"96","25.830878931498617","70","15.811101159611576",56.2,"56.04621417129021","81","60","65","46","55.000000000000007","no information","Asia-Pacific Group",45.5774473381595,42.0009237863106,28.0566904216561,67.211757367127
"67","Panama","67.674365422227837","20",0.430206,10.9491107598327,16.1637909846139,23.5320959108121,"72.352127175509182","40","77","17.7","114.42029279999998",16329.8475919967,"68.686322333302485","31",23,17.299,"95.959595959595958","56.379553916517814","16","33.038333333333334",98.3,"66.363379145057436","48","88","45","79","62","yes","Latin American and Caribbean Group (GRULAC)",55.8657534132848,63.2842574883362,33.8205571328688,63.2067074718106
"68","Paraguay","38.873988654589169","69",0.597891,9.00557197087627,12.0071289822627,18.3122840719461,"35.865548218240662","79","22.2","24.7","97.249081400000009",6577.54306444246,"54.41285663193036","50",21,14.704,"102.22222222222221","30.608555527197193","54","18.946715328467153",65.2,"57.520810841103952","77","93","33","87","41","pending","Latin American and Caribbean Group (GRULAC)",55.8657534132848,63.2842574883362,33.8205571328688,63.2067074718106
"69","Peru","49.700735239948379","48",3.1272,9.96664081943686,14.6756615708193,23.1702195923365,"50.487566682510284","68","41.93","25.4","108.28126060000001",10221.0752105901,"68.143918910319698","32",23,17.031,"96.907216494845358","44.285726092369522","30","30.435975039001562",75.5,"56.938476705428577","79","75","44","65","49","yes ","Latin American and Caribbean Group (GRULAC)",55.8657534132848,63.2842574883362,33.8205571328688,63.2067074718106
"70","Philippines","48.838234294069821","50",7.32065,7.26980534490798,10.2621681821614,14.0152664285893,"44.160014480899605","73","28.299999999999997","13.700000000000001","102.6988851",7165.62712343373,"31.945560459623263","76",17,13.971,"94.897959183673478","43.534528783619017","31","36.813831652058873",66,"77.313543724293226","15","76","70","92","73","yes","Asia-Pacific Group",45.5774473381595,42.0009237863106,28.0566904216561,67.211757367127
"71","Poland","57.410442070916915","32",8.752553,22.6680816747339,28.6417495232653,39.3467464691239,"77.604292969668975","26","96.5","8.6","89.330345700000009",21294.2814140361,"55.293233751834997","48",21,16.163,"89.010989010989007","31.126083965959531","52","59.584172642029785",40.6,"69.198454073827875","37","87","64","71","57.999999999999993","no information","Eastern European Group",69.6336873981665,44.0479843823774,41.2612613715638,61.52817760982
"72","Portugal","52.893755060895849","38",2.801209,27.0653364126834,34.6674053291573,41.1601369424505,"82.059644362515115","11","100","7.8","96",25056.74778863,"70.695738321435599","23",24,17.605,"90.526315789473685","19.528985465771623","83","15.721521739130434",46.9,"65.371008058630125","51","80","53","73","59","no information","Western European and Others Group (WEOG)",78.9389427534014,74.4421025772514,47.8963670031928,74.2945143248702
"73","Romania","50.826620140441435","45",4.762809,24.4104859311444,29.806739723738,36.3743548492739,"78.418920225757219","22","98","6.4","90.906253899999996",17051.6757997896,"44.876532720233058","64",20,14.96,"81.25","34.105152654929711","46","66.305096668996043",41.5,"62.040413122913328","64","75","54","59","62","no information","Eastern European Group",69.6336873981665,44.0479843823774,41.2612613715638,61.52817760982
"74","Russian Federation","41.764544537522951","65",28.73015,20.0270230258258,23.9686596301775,28.7638238475707,"76.173593314811157","30","100","9.6999999999999993","83",22487.4698802525,"27.058747843546158","86",17,13.819,"76.19047619047619","48.432621776525195","25","79.079249399519611",50.1,"55.534552979746906","82","82","37","55.000000000000007","56.999999999999993","yes","Eastern European Group",69.6336873981665,44.0479843823774,41.2612613715638,61.52817760982
"75","Rwanda","22.709446815301515","89",0.527208,4.54111255224741,6.26766555581608,12.0422538501827,"11.96381244332918","93","4.7","19.900000000000002","80.3140176",1386.1782840172,"29.99688783095619","81",18,13.279,"75.280898876404493","13.77266217995205","90","2.8048648648648653",91.8,"78.18768441948103","13","78","84","92","62","pending","African group",30.4874988065445,29.1489265466507,23.4926494846283,58.1856300355838
"76","Serbia","41.695727722566097","66",2.163177,24.4399854253345,27.2229905089353,32.2977548559665,"65.827013071241183","49","81","13.600000000000001","83.058226899999994",12147.0632490162,"45.316076642521253","62",19,15.656,"87.951807228915655","21.203334611101763","80","60.50535348610434",34.3,"60.199007707186979","67","76","64","54","50","yes ","Eastern European Group",69.6336873981665,44.0479843823774,41.2612613715638,61.52817760982
"77","Slovakia","52.080092385104507","40",1.114122,20.532049895158,26.3563109567463,36.247581714738,"78.654669022738204","21","100","7.1","85.416147499999994",25405.1269633015,"51.4160650998001","53",21,15.196,"86.956521739130437","45.638553599686048","28","98.599411764705891",44,"56.813838650443742","80","87","52","49","47","yes ","Eastern European Group",69.6336873981665,44.0479843823774,41.2612613715638,61.52817760982
"78","Slovenia","60.647711663193419","26",0.520627,25.1811585440764,32.7326088734968,38.9753632584373,"77.70654982534974","25","95.1","9.8000000000000007","89",27691.080806382,"63.249437898654456","38",23,17.256,"84.05797101449275","23.853103394407597","79","89.842511312217198",33.5,"79.168372039952203","7","88","75","93","64","yes ","Eastern European Group",69.6336873981665,44.0479843823774,41.2612613715638,61.52817760982
"79","South Africa","34.963983619711698","78",4.208782,7.72389546886474,10.465824497162,15.3503181758967,"79.526182903863102","19","92.600000000000009","12.170999999999999",NA,11764.091525006,"25.899573410824214","89",16,14.645,"97.916666666666657","25.940031584651436","69","47.210223507757036",39.2,"55.029348401686541","83","83","31","66","54","yes ","African group",30.4874988065445,29.1489265466507,23.4926494846283,58.1856300355838
"80","Spain","61.710493803700381","25",11.245801,24.3828853746259,33.4525567407121,41.3612507998408,"73.367731932735936","37","68.2","7.1","104",31642.6054650742,"80.458033011209338","3",25,18.937,"95.402298850574709","23.957745074297044","78","29.197786710084461",43.2,"74.701916517553826","22","86","68","75","71","no information","Western European and Others Group (WEOG)",78.9389427534014,74.4421025772514,47.8963670031928,74.2945143248702
"81","Sri Lanka","49.812338154780342","46",2.887161,13.9375312876991,21.0060827585028,28.5616884016004,"36.157177846462858","78","17.100000000000001","11.3","101.0466799",8674.88848959925,"50.03237053442917","54",20,16.174,"85.263157894736835","40.064487553514255","36","53.830900692840643",50.3,"72.851842011150922","25","79","71","81","62","no information","Asia-Pacific Group",45.5774473381595,42.0009237863106,28.0566904216561,67.211757367127
"82","Sweden","84.436168558004539","3",2.497488,25.5381859835127,28.5564772527788,29.5733898335615,"83.483099687827433","7","100","5.3","90",45127.3815949948,"75.241028129635041","12",24,18.175,"96.666666666666671","65.580903886993596","5","68.687259387138539",73.6,"79.375873808361717","6","89","73","94","65","yes ","Western European and Others Group (WEOG)",78.9389427534014,74.4421025772514,47.8963670031928,74.2945143248702
"83","Switzerland","90.093766099240327","1",1.95529,23.561506232992,30.6254579614435,34.5449123085083,"77.349131462785053","27","100","16.100000000000001","84",54762.2401040829,"81.274478663898989","2",25,19.035,"96.511627906976756","75.029767157139943","2","93.649470387243753",71.7,"83.738488656367252","1","91","70","93","83","no information","Western European and Others Group (WEOG)",78.9389427534014,74.4421025772514,47.8963670031928,74.2945143248702
"84","Tajikistan","45.092076613120732","58",0.425336,5.014657760596,8.63329110383817,13.2009543092964,"60.161612971132918","57","80.2","8.6999999999999993","97.099039899999994",2304.849443033,"31.118073632735161","80",17,13.753,"93.478260869565219","41.469954892943456","33","79.432492836676232",44.4,"63.061018804662972","61","68","80","56.999999999999993","51","no information","Asia-Pacific Group",45.5774473381595,42.0009237863106,28.0566904216561,67.211757367127
"85","United Republic of Tanzania","15.855807736456576","91",2.551505,4.77180654275766,5.17567149160712,7.24989360190659,"9.2529015263055445","94","3.2","16.7","85.303333199999997",1611.44062504147,"39.794160893233688","69",18,14.218,"102.22222222222221","13.811626533604791","89","3.0678212538906182",85.8,"54.496065974889937","88","82","51","56.999999999999993","37","yes ","African group",30.4874988065445,29.1489265466507,23.4926494846283,58.1856300355838
"86","Thailand","56.01962036070244","34",10.730513,15.7896030184746,26.8931677571586,37.073759836139,"59.289649988141186","59","81.699999999999989","28.000000000000004","81.305579699999996",13199.1578541854,"59.095085717928086","41",21,16.73,"94.73684210526315","25.795994259737256","71","11.791027269331341",71.3,"78.192334769722549","12","90","75","71","78","yes ","Asia-Pacific Group",45.5774473381595,42.0009237863106,28.0566904216561,67.211757367127
"87","Turkey","36.308899716884923","75",8.828134,11.2223235933569,16.9987695535628,26.6442604938113,"73.6386022221388","35","88.1","14.099999999999998","95.042908499999996",17983.4776294932,"52.495439222771317","52",21,15.619,"86.206896551724128","7.0368798071689636","93","14.664579244721976",31.5,"67.609097360717442","40","81","70","55.000000000000007","67","yes ","Asia-Pacific Group",45.5774473381595,42.0009237863106,28.0566904216561,67.211757367127
"88","Uganda","23.130173080839153","88",1.473967,3.7762670037338,3.70920712397785,6.04719518318601,"15.045404381902371","92","6.6","20.7","87.066697599999998",1300.28575361735,"22.095590573522397","92",16,12.899,"95.918367346938766","34.352934958009079","45","14.250861931364724",90.4,"58.903648025841576","70","76","48","66","50","yes ","African group",30.4874988065445,29.1489265466507,23.4926494846283,58.1856300355838
"89","Ukraine","36.996253626362034","73",10.117913,22.5726531450448,25.6799300505803,31.4560971141086,"70.900095717019695","42","95","8.4","84.541632800000002",8561.46124396457,"27.270186088896534","85",18,13.813,"67.5","34.802479382769135","44","83.60691253055586",39.3,"54.758557548682589","85","81","37","50","60","no information","Eastern European Group",69.6336873981665,44.0479843823774,41.2612613715638,61.52817760982
"90","United Kingdom","79.195005982428214","10",14.888854,23.0065172637104,27.8428191612682,30.7307222629772,"81.462697414867037","14","100","9.3000000000000007","91",37052.7757014779,"69.261390274490651","27",24,17.708,"86.904761904761912","53.571244200476336","20","66.393189318280506",59.8,"81.810935757747316","3","94","70","92","74","yes ","Western European and Others Group (WEOG)",78.9389427534014,74.4421025772514,47.8963670031928,74.2945143248702
"91","United States of America","79.269424075650036","9",66.544663,20.6805830525,26.1144903567753,27.8569535643713,"76.294822152945841","29","92.5","18.812799999999999","92.212506366931706",51484.2546211159,"70.062901172289131","25",23,17.498,"97.872340425531917","65.675716393965828","4","96.029332423619479",60.9,"76.782861738160435","17","94","71","84","62","no information","Western European and Others Group (WEOG)",78.9389427534014,74.4421025772514,47.8963670031928,74.2945143248702
"92","Uruguay","59.833087669438775","27",0.656815,19.1404479893226,22.1355632588492,27.517752390188,"83.175274667896772","8","92.7","8.3000000000000007","116.4707263",17668.4886322425,"63.293200465490486","37",22,16.664,"96.590909090909093","37.893298334756913","38","30.475118483412317",63,"63.530753085779047","57","89","40","88","52","yes ","Latin American and Caribbean Group (GRULAC)",55.8657534132848,63.2842574883362,33.8205571328688,63.2067074718106
"93","Venezuela (Bolivarian Republic of)","35.910483729327296","76",2.924571,9.40132183651432,14.8380414969403,21.8875091825635,"50.552909567613085","66","54.2","38","111.9224177",17165.6784461515,"69.100938737324739","29",23,16.889,"101.01010101010101","31.576528108225901","51","26.262519531250007",56.5,"49.541775300933338","93","91","17","66","59","no information","Latin American and Caribbean Group (GRULAC)",55.8657534132848,63.2842574883362,33.8205571328688,63.2067074718106
"94","Viet Nam","51.789930263157743","41",9.613327,10.2873983891786,17.5109161162875,27.8683354363503,"48.136772287262794","70","43.8","16.8","91.892176899999995",4709.04433472053,"63.93563622933771","36",22,16.717,"97.959183673469383","27.348789606380301","65","12.603648424543948",73.3,"71.320428924391535","31","73","64","78","71","yes","Asia-Pacific Group",45.5774473381595,42.0009237863106,28.0566904216561,67.211757367127
"95","West Bank and Gaza","12.301947837366004","93",0.210514,4.50927563786477,6.2187092558812,10.3531743632317,"24.72681884943043","81","8","9.3000000000000007","109.5189108",5211.44642198289,"36.637660839669607","73",18,14.581,"84.415584415584405","1.8376011118312368","96","12.603648424543948",29.2,"62.296240356096291","63","68","73","41","74","yes ","Asia-Pacific Group",45.5774473381595,42.0009237863106,28.0566904216561,67.211757367127
"96","Zambia","22.291930504632344","90",0.689723,4.25445912219192,4.13451955951323,6.5837375110866,"18.753256363315021","89","7.7","22.900000000000002","78.330694899999997",3631.65085639478,"24.744606949165735","91",17,12.176,"83.838383838383834","26.159520060384086","67","10.032040133779265",80.7,"54.771847996948303","84","73","34","74","49","yes","African group",30.4874988065445,29.1489265466507,23.4926494846283,58.1856300355838
"97","Angola",NA,NA,0.959152,3.83323873648018,4.19716324777226,5.5129298920702,NA,NA,NA,NA,NA,6354.739600839,NA,NA,16,12.7,"101.19047619047601",NA,NA,NA,71.1999969482422,NA,NA,"67","63","36","38","no information","African group",30.4874988065445,29.1489265466507,23.4926494846283,58.1856300355838
"98","Bahamas",NA,NA,0.04866,12.5406230107289,20.1022073926576,27.1382083870572,NA,NA,NA,NA,NA,22098.2371847545,NA,NA,21,18.3,NA,NA,NA,NA,69.9000015258789,NA,NA,NA,NA,NA,NA,"no information","Latin American and Caribbean Group (GRULAC)",55.8657534132848,63.2842574883362,33.8205571328688,63.2067074718106
"99","Barbados",NA,NA,0.056337,19.8219657653537,27.7445261004622,31.092696539457,NA,NA,NA,NA,NA,14927.2989053741,NA,NA,23,16.2,NA,NA,NA,"78.364750000000001",66.8,NA,NA,NA,NA,NA,NA,"no information","Latin American and Caribbean Group (GRULAC)",55.8657534132848,63.2842574883362,33.8205571328688,63.2067074718106
"100","Belize",NA,NA,0.021337,5.93870638236285,8.91441894971119,14.6937616186218,NA,NA,NA,NA,NA,7663.13180111061,NA,NA,21,14.1,"103.48837209302326",NA,NA,"77.638333333333335",57.2,NA,NA,NA,NA,NA,NA,"yes","Latin American and Caribbean Group (GRULAC)",55.8657534132848,63.2842574883362,33.8205571328688,63.2067074718106
"101","Brunei Darussalam",NA,NA,0.032291,7.63041485108273,17.0821921676031,30.94558601437,NA,NA,NA,NA,NA,NA,NA,NA,21,16.2,NA,NA,NA,"42.541666666666664",36,NA,NA,NA,NA,NA,NA,"pending","Asia-Pacific Group",45.5774473381595,42.0009237863106,28.0566904216561,67.211757367127
"102","Burkina Faso",NA,NA,0.691906,3.82150907151777,4.40645159585331,6.39389140769573,NA,NA,NA,NA,NA,1526.99039586208,NA,NA,15,12.8,"94.623655913978496",NA,NA,NA,79.5,NA,NA,"73","56.999999999999993","85","49","no information","African group",30.4874988065445,29.1489265466507,23.4926494846283,58.1856300355838
"103","Cape Verde",NA,NA,0.034746,6.6754786725123,10.3742218967411,20.4886404462914,NA,NA,NA,NA,NA,5962.42647353236,NA,NA,20,16.4,NA,NA,NA,NA,55.7000007629395,NA,NA,NA,NA,NA,NA,"no information","African group",30.4874988065445,29.1489265466507,23.4926494846283,58.1856300355838
"104","Chad",NA,NA,0.555331,3.95606131930308,3.95126968335218,5.36738165849537,NA,NA,NA,NA,NA,1847.03965496241,NA,NA,15,12.7,"103.5294117647059",NA,NA,NA,81.6999969482422,NA,NA,"65","44","51","38","no information","African group",30.4874988065445,29.1489265466507,23.4926494846283,58.1856300355838
"105","Comoros",NA,NA,0.036257,4.59837610371426,6.01508627067981,9.23067500101527,NA,NA,NA,NA,NA,1432.35194843002,NA,NA,16,12.2,NA,NA,NA,NA,63.9000015258789,NA,NA,"73","74","56.999999999999993","44","no information","African group",30.4874988065445,29.1489265466507,23.4926494846283,58.1856300355838
"106","Dem. People's Rep. of Korea",NA,NA,3.149229,12.5191385980149,19.4042350123396,24.3686592484022,NA,NA,NA,NA,NA,NA,NA,NA,17,14.4,NA,NA,NA,NA,79.5999984741211,NA,NA,NA,NA,NA,NA,"no information","Asia-Pacific Group",45.5774473381595,42.0009237863106,28.0566904216561,67.211757367127
"107","Equatorial Guinea",NA,NA,0.043157,5.10697465268739,8.45892947580388,9.21567677497283,NA,NA,NA,NA,NA,22105.528575674,NA,NA,16,13.8,NA,NA,NA,NA,90.5999984741211,NA,NA,NA,NA,NA,NA,"no information","African group",30.4874988065445,29.1489265466507,23.4926494846283,58.1856300355838
"108","Eritrea",NA,NA,0.218486,4.17931780363829,4.64234165323423,9.19806866936316,NA,NA,NA,NA,NA,1128.93543770124,NA,NA,15,11.4,NA,NA,NA,NA,79.6999969482422,NA,NA,NA,NA,NA,NA,"no information","African group",30.4874988065445,29.1489265466507,23.4926494846283,58.1856300355838
"109","Ethiopia",NA,NA,5.204822,5.23672675777172,6.12014485647508,10.360739870963,NA,NA,NA,NA,NA,1168.73892172153,NA,NA,18,12.2,NA,NA,NA,NA,77.1,NA,NA,"50","67","65","42","no information","African group",30.4874988065445,29.1489265466507,23.4926494846283,58.1856300355838
"110","Fiji",NA,NA,0.082555,9.2535406240017,14.290729216531,19.8806847151513,NA,NA,NA,NA,NA,7001.54179472355,NA,NA,17,12.3,NA,NA,NA,"24.343692307692312",45.9000015258789,NA,NA,NA,NA,NA,NA,"yes","Asia-Pacific Group",45.5774473381595,42.0009237863106,28.0566904216561,67.211757367127
"111","Gambia",NA,NA,0.074294,3.73163415579902,4.37148737306232,5.88650843535205,NA,NA,NA,NA,NA,1536.09883565606,NA,NA,17,13.6,NA,NA,NA,"9.9740740740740748",57.1,NA,NA,NA,NA,NA,NA,"no information","African group",30.4874988065445,29.1489265466507,23.4926494846283,58.1856300355838
"112","Grenada",NA,NA,0.010859,10.1652234963726,14.2973018745153,25.1490269019643,NA,NA,NA,NA,NA,10763.065691475,NA,NA,19,13.5,NA,NA,NA,NA,NA,NA,NA,NA,NA,NA,NA,"no information","Latin American and Caribbean Group (GRULAC)",55.8657534132848,63.2842574883362,33.8205571328688,63.2067074718106
"113","Guinea",NA,NA,0.64272,5.09747719610202,5.55638572916787,7.57695618993733,NA,NA,NA,NA,NA,1135.02439380704,NA,NA,16,12.9,"100",NA,NA,NA,75.6,NA,NA,"55.000000000000007","56.999999999999993","74","16","no information","African group",30.4874988065445,29.1489265466507,23.4926494846283,58.1856300355838
"114","Guinea-Bissau",NA,NA,0.097749,5.29998780041478,5.73959168121724,8.28748178330309,NA,NA,NA,NA,NA,1455.88264695341,NA,NA,15,12.3,NA,NA,NA,NA,73.0999984741211,NA,NA,NA,NA,NA,NA,"no information","African group",30.4874988065445,29.1489265466507,23.4926494846283,58.1856300355838
"115","Guyana",NA,NA,0.063709,8.30533773962468,14.8955892168948,13.7764617185485,NA,NA,NA,NA,NA,5787.31334325591,NA,NA,15,11.9,"105.43478260869566",NA,NA,"29.541904761904757",60.7000007629395,NA,NA,NA,NA,NA,NA,"no information","Latin American and Caribbean Group (GRULAC)",55.8657534132848,63.2842574883362,33.8205571328688,63.2067074718106
"116","Haiti",NA,NA,0.75526,7.05121161131753,9.28343888405385,15.3106769053921,NA,NA,NA,NA,NA,1618.87754963144,NA,NA,17,8.3,"82.926829268292693",NA,NA,"9.592816901408451",77,NA,NA,NA,NA,NA,NA,"no information","Latin American and Caribbean Group (GRULAC)",55.8657534132848,63.2842574883362,33.8205571328688,63.2067074718106
"117","Iran (Islamic Republic of)",NA,NA,6.501562,8.21845762908803,14.3967103524876,31.1801326319033,NA,NA,NA,NA,NA,NA,NA,NA,20,15.3,"83.908045977011497",NA,NA,"35.494121093750003",29.8,NA,NA,"55.000000000000007","65","59","71","no information","Asia-Pacific Group",45.5774473381595,42.0009237863106,28.0566904216561,67.211757367127
"118","Lebanon",NA,NA,0.670312,11.4568696659552,19.1601372268964,30.7586880552998,NA,NA,NA,NA,NA,16783.7495075701,NA,NA,22,16.5,"104.93827160493827",NA,NA,NA,44.0999984741211,NA,NA,"59","53","73","51","pending","Asia-Pacific Group",45.5774473381595,42.0009237863106,28.0566904216561,67.211757367127
"119","Madagascar",NA,NA,1.128414,4.65605876365101,5.81397324531325,8.23113177134989,NA,NA,NA,NA,NA,1334.42408355091,NA,NA,17,12.3,"90.816326530612244",NA,NA,NA,87.9,NA,NA,"64","43","50","39","no information","African group",30.4874988065445,29.1489265466507,23.4926494846283,58.1856300355838
"120","Micronesia (Fed. States of)",NA,NA,0.007864,7.5282404748229,9.10056867928698,12.2218089393094,NA,NA,NA,NA,NA,3537.17562639891,NA,NA,17,11.3,NA,NA,NA,NA,NA,NA,NA,NA,NA,NA,NA,"no information","Asia-Pacific Group",45.5774473381595,42.0009237863106,28.0566904216561,67.211757367127
"121","Oman",NA,NA,0.195615,4.35615664125993,9.43731408451161,24.5377343072838,NA,NA,NA,NA,NA,39439.4949885173,NA,NA,20,15.4,NA,NA,NA,NA,38.5,NA,NA,NA,NA,"92",NA,"yes","Asia-Pacific Group",45.5774473381595,42.0009237863106,28.0566904216561,67.211757367127
"122","Papua New Guinea",NA,NA,0.386521,5.0729061027879,6.66793346693403,9.98480409594567,NA,NA,NA,NA,NA,2182.85482530699,NA,NA,15,NA,NA,NA,NA,"7.3155514705882343",73.5999984741211,NA,NA,NA,NA,NA,NA,"no information","Asia-Pacific Group",45.5774473381595,42.0009237863106,28.0566904216561,67.211757367127
"123","Saint Lucia",NA,NA,0.023201,12.541148871075,19.0700461559795,27.3489665561044,NA,NA,NA,NA,NA,10372.4587601643,NA,NA,21,14.9,NA,NA,NA,NA,62.2999992370605,NA,NA,NA,NA,NA,NA,"no information","Latin American and Caribbean Group (GRULAC)",55.8657534132848,63.2842574883362,33.8205571328688,63.2067074718106
"124","Samoa",NA,NA,0.015263,7.89895874303931,12.0612732637421,14.061467489558,NA,NA,NA,NA,NA,5450.89548711185,NA,NA,19,13.7,NA,NA,NA,NA,26.5,NA,NA,NA,NA,NA,NA,"no information","Asia-Pacific Group",45.5774473381595,42.0009237863106,28.0566904216561,67.211757367127
"125","Sao Tome and Principe",NA,NA,0.008451,4.43985626024461,5.79662631040754,9.6004870037941,NA,NA,NA,NA,NA,2796.4866025377,NA,NA,18,NA,NA,NA,NA,NA,57.5999984741211,NA,NA,NA,NA,NA,NA,"no information","African group",30.4874988065445,29.1489265466507,23.4926494846283,58.1856300355838
"126","Solomon Islands",NA,NA,0.030193,5.17365757868096,6.88435525149268,10.7725014861611,NA,NA,NA,NA,NA,1537.70262278752,NA,NA,17,10.3,NA,NA,NA,NA,62.2000007629395,NA,NA,NA,NA,NA,NA,"no information","Asia-Pacific Group",45.5774473381595,42.0009237863106,28.0566904216561,67.211757367127
"127","Somalia",NA,NA,0.481543,4.4640619020638,4.45992002947176,5.18134605765121,NA,NA,NA,NA,NA,NA,NA,NA,16,10.8,NA,NA,NA,NA,51.2999992370605,NA,NA,NA,NA,NA,NA,"no information","African group",30.4874988065445,29.1489265466507,23.4926494846283,58.1856300355838
"128","St. Vincent and the Grenadines",NA,NA,0.011976,10.9407831028119,18.3146488628655,25.6216830585065,NA,NA,NA,NA,NA,9685.32203364414,NA,NA,21,14.5,NA,NA,NA,NA,57.2000007629395,NA,NA,NA,NA,NA,NA,"no information","Latin American and Caribbean Group (GRULAC)",55.8657534132848,63.2842574883362,33.8205571328688,63.2067074718106
"129","Suriname",NA,NA,0.055613,10.2422763478982,15.7221255387347,21.3751313126137,NA,NA,NA,NA,NA,14671.4726831198,NA,NA,23,15.6,NA,NA,NA,NA,44.2,NA,NA,"74","61","91","68","no information","Latin American and Caribbean Group (GRULAC)",55.8657534132848,63.2842574883362,33.8205571328688,63.2067074718106
"130","TFYR Macedonia",NA,NA,0.384929,18.5199761553425,24.7809845303485,32.7890890362959,NA,NA,NA,NA,NA,11234.5681679921,NA,NA,19,14.5,"95.50561797752809",NA,NA,NA,38.6,NA,NA,"74","63","60","56.999999999999993","yes ","Eastern European Group",69.6336873981665,44.0479843823774,41.2612613715638,61.52817760982
"131","Timor-Leste",NA,NA,0.085226,7.19349406844395,6.83637899671966,8.05925906737189,NA,NA,NA,"5.5","97.3",21390.8272383944,NA,NA,17,13.6,NA,NA,NA,NA,54.0999984741211,NA,NA,NA,NA,NA,NA,"no information","Asia-Pacific Group",45.5774473381595,42.0009237863106,28.0566904216561,67.211757367127
"132","Tonga",NA,NA,0.00866,8.15672977300556,10.5390045068929,12.927419239412,NA,NA,NA,NA,NA,5211.02170914699,NA,NA,18,13.7,NA,NA,NA,"67.952222222222218",72.8000030517578,NA,NA,NA,NA,NA,NA,"no information","Asia-Pacific Group",45.5774473381595,42.0009237863106,28.0566904216561,67.211757367127
"133","Turkmenistan",NA,NA,0.368698,6.86140993341028,11.3661062725887,18.2392335796768,NA,NA,NA,NA,NA,10055.3101626394,NA,NA,16,13.5,"95.78947368421052",NA,NA,NA,50.2000007629395,NA,NA,"72","66","51","72","no information","Asia-Pacific Group",45.5774473381595,42.0009237863106,28.0566904216561,67.211757367127
"134","Uzbekistan",NA,NA,2.217685,7.418622410339,11.7875877423203,19.0857879803416,NA,NA,NA,NA,NA,4821.2907638652,NA,NA,17,13.7,"93.877551020408163",NA,NA,NA,51.0999984741211,NA,NA,"92","86","92","89","no information","Asia-Pacific Group",45.5774473381595,42.0009237863106,28.0566904216561,67.211757367127
"135","Vanuatu",NA,NA,0.017126,6.4711394586098,9.06876786787719,14.1919492407344,NA,NA,NA,NA,NA,2722.4098151272,NA,NA,18,11.3,NA,NA,NA,NA,74.0999984741211,NA,NA,NA,NA,NA,NA,"no information","Asia-Pacific Group",45.5774473381595,42.0009237863106,28.0566904216561,67.211757367127
"136","Cote d'Ivoire",NA,NA,1.100464,4.84752675102975,5.10848189191285,6.54378443794932,NA,NA,NA,NA,NA,2827.1643472953,NA,NA,16,12.3,"98.98989898989899",NA,NA,"8.0423069852941182",72.6999969482422,NA,NA,"70","65","74","23","no information","African group",30.4874988065445,29.1489265466507,23.4926494846283,58.1856300355838
"137","Bhutan",NA,NA,0.05697,7.35258056605965,11.5549189644333,24.5472574390413,NA,NA,NA,"11.2","89.1",6583.45124780732,NA,NA,19,14.6,NA,NA,NA,NA,69.2,NA,NA,"79","59","77","80","no information","Asia-Pacific Group",45.5774473381595,42.0009237863106,28.0566904216561,67.211757367127
"138","Bosnia and Herzegovina",NA,NA,0.852552,22.3742499506616,30.6109123784119,40.5317173602616,NA,NA,NA,"25.5","78.099999999999994",9233.28416645809,NA,NA,21,15.5,"83.333333333333343",NA,NA,NA,30.2000007629395,NA,NA,"73","69","34","42","no information","Eastern European Group",69.6336873981665,44.0479843823774,41.2612613715638,61.52817760982
"139","Djibouti",NA,NA,0.055661,6.26911194432462,9.22886818668428,15.45640556119,NA,NA,NA,"16.399999999999999","100.3",NA,NA,NA,16,13.1,NA,NA,NA,NA,36.5,NA,NA,"61","70","73","56.999999999999993","no information","African group",30.4874988065445,29.1489265466507,23.4926494846283,58.1856300355838
"140","Maldives",NA,NA,0.024656,6.78001523413546,11.7085231565211,25.2900053620388,NA,NA,NA,"15.8","94.1",9307.59889095477,NA,NA,20,17.7,NA,NA,NA,"1.4211111111111112",67.8000030517578,NA,NA,NA,NA,NA,NA,"no information","Asia-Pacific Group",45.5774473381595,42.0009237863106,28.0566904216561,67.211757367127
"141","Libyan Arab Jamahiriya",NA,NA,0.439379,6.9982215321709,12.0456956038546,21.7669902727141,NA,NA,NA,NA,NA,NA,NA,NA,20,NA,NA,NA,NA,"12.754989604989605",33.9,NA,NA,NA,NA,NA,NA,"no information","African group",30.4874988065445,29.1489265466507,23.4926494846283,58.1856300355838
"142","Egypt",NA,NA,7.237678,7.90933181378817,9.90032517069474,15.2505612612249,NA,NA,NA,NA,NA,10422.5166734965,NA,NA,17,12.8,"93.023255813953483",NA,NA,"17.016644412652997",41.4,NA,NA,"56.000000000000007","48","46","42","yes","African group",30.4874988065445,29.1489265466507,23.4926494846283,58.1856300355838
"143","Malaysia",NA,NA,2.784969,9.18192066620142,14.3899964574313,23.5549788484619,NA,NA,NA,NA,NA,21074.0474928113,NA,NA,19,14.7,"102.12765957446808",NA,NA,"26.158514541387024",51.1,NA,NA,"83","51","83","56.000000000000007","no information","Asia-Pacific Group",45.5774473381595,42.0009237863106,28.0566904216561,67.211757367127
"144","Namibia",NA,NA,0.134064,5.45234928807604,7.11633733337367,11.0470431622165,NA,NA,NA,NA,NA,8728.74344337522,NA,NA,18,12.4,"92",NA,NA,"14.154435483870968",63,NA,NA,"83","27","72","56","no information","African group",30.4874988065445,29.1489265466507,23.4926494846283,58.1856300355838
"145","Qatar",NA,NA,0.050573,2.26241469475766,7.93474735867956,19.7583128703233,NA,NA,NA,NA,NA,123282.062684032,NA,NA,22,16.7,NA,NA,NA,"43.184615384615377",83,NA,NA,"74","99","90","59","yes","Asia-Pacific Group",45.5774473381595,42.0009237863106,28.0566904216561,67.211757367127
"146","Saudi Arabia",NA,NA,1.582485,5.01733143794246,11.050018464254,20.8647733520095,NA,NA,NA,NA,NA,49941.8703649072,NA,NA,19,15.7,"95.6989247311828",NA,NA,"22.089169139465874",45.6,NA,NA,"83","84","56.000000000000007","67","yes","Asia-Pacific Group",45.5774473381595,42.0009237863106,28.0566904216561,67.211757367127
"147","Tunisia",NA,NA,1.313565,11.6724458779866,17.7149551521769,26.4523706462015,NA,NA,NA,NA,NA,9718.76933528054,NA,NA,21,16.4,NA,NA,NA,"12.174326824254884",31,NA,NA,"63","55.000000000000007","53","38","yes ","African group",30.4874988065445,29.1489265466507,23.4926494846283,58.1856300355838
"148","Algeria",NA,NA,3.572907,9.00736210303707,13.2835664110479,23.0031391457712,NA,NA,NA,NA,NA,12486.2342639473,NA,NA,18,15.8,NA,NA,NA,"5.3636050798852928",31.5,NA,NA,"79","55.000000000000007","64","67","no information","African group",30.4874988065445,29.1489265466507,23.4926494846283,58.1856300355838
"149","Azerbaijan",NA,NA,0.979834,10.0454912298256,17.5715060136228,24.3985563436714,NA,NA,NA,NA,NA,14669.9959636656,NA,NA,19,15.3,"88.764044943820224",NA,NA,NA,63.7999992370605,NA,NA,"67","63","57.999999999999993","56.000000000000007","no information","Eastern European Group",69.6336873981665,44.0479843823774,41.2612613715638,61.52817760982
"150","Bahrain",NA,NA,0.053319,3.87144696228754,10.8126184779272,23.6911266339304,NA,NA,NA,NA,NA,34887.8602997743,NA,NA,20,15.3,NA,NA,NA,"29.74608695652174",60.4,NA,NA,"84","54","81","48","yes ","Asia-Pacific Group",45.5774473381595,42.0009237863106,28.0566904216561,67.211757367127
"151","Benin",NA,NA,0.500975,4.60462200279067,5.59613170979692,7.93370510431263,NA,NA,NA,NA,NA,1675.08686698445,NA,NA,16,13.5,"98.94736842105263",NA,NA,"7.9386681715575627",85,NA,NA,"50","59","76","17","no information","African group",30.4874988065445,29.1489265466507,23.4926494846283,58.1856300355838
"152","Botswana",NA,NA,0.132505,5.85661341401158,7.95383344497966,15.6802137345834,NA,NA,NA,NA,NA,14551.9804836276,NA,NA,18,17.9,"95.65217391304347",NA,NA,"31.440754716981132",56.7,NA,NA,"80","31","72","55.000000000000007","no information","African group",30.4874988065445,29.1489265466507,23.4926494846283,58.1856300355838
"153","Burundi",NA,NA,0.468044,4.18684415070113,4.86222561040249,6.78033542027157,NA,NA,NA,NA,NA,734.255127713789,NA,NA,16,10.4,NA,NA,NA,"2.6696986301369861",91.0999984741211,NA,NA,"39","59","50","28.999999999999996","no information","African group",30.4874988065445,29.1489265466507,23.4926494846283,58.1856300355838
"154","Cameroon",NA,NA,1.130523,4.84284754670533,5.24523662765901,8.12711657930492,NA,NA,NA,NA,NA,2616.18585382395,NA,NA,16,13.3,"100",NA,NA,"7.4140944881889759",81.7,NA,NA,"70","68","85","34","pending","African group",30.4874988065445,29.1489265466507,23.4926494846283,58.1856300355838
"155","Central African Republic",NA,NA,0.287188,5.86065187375236,6.21888906796555,10.0186090514098,NA,NA,NA,NA,NA,910.60788355821,NA,NA,16,9.2,"91.919191919191917",NA,NA,"4.6485714285714286",87.0999984741211,NA,NA,"35","62","69","19","no information","African group",30.4874988065445,29.1489265466507,23.4926494846283,58.1856300355838
"156","Congo",NA,NA,0.255047,5.52010354238766,6.10348850516391,8.27820842438506,NA,NA,NA,NA,NA,4931.66075766595,NA,NA,17,12,NA,NA,NA,"10.948029556650244",72.5999984741211,NA,NA,"62","49","69","38","no information","African group",30.4874988065445,29.1489265466507,23.4926494846283,58.1856300355838
"157","Cuba",NA,NA,2.214669,19.4447249156728,31.6060891078932,39.7113706388467,NA,NA,NA,NA,NA,18522.5622447553,NA,NA,22,16.2,"98.958333333333343",NA,NA,"50.316165907941325",43.4000015258789,NA,NA,"93","50","36","8","yes","Latin American and Caribbean Group (GRULAC)",55.8657534132848,63.2842574883362,33.8205571328688,63.2067074718106
"158","Dem. Republic of the Congo",NA,NA,3.536992,4.57763406680648,4.90441844569348,6.47369313037757,NA,NA,NA,NA,NA,702.491313071454,NA,NA,15,11.7,NA,NA,NA,"4.11549209770115",85.6999969482422,NA,NA,"81","25","41","22","no information","African group",30.4874988065445,29.1489265466507,23.4926494846283,58.1856300355838
"159","Gabon",NA,NA,0.125335,7.26456738917238,7.83510351810759,11.8476044771637,NA,NA,NA,NA,NA,16412.4561130583,NA,NA,18,12.1,NA,NA,NA,"9.3210638297872332",39,NA,NA,"68","37","55.000000000000007","18","no information","African group",30.4874988065445,29.1489265466507,23.4926494846283,58.1856300355838
"160","Jamaica",NA,NA,0.356929,12.7778802041288,18.7418717905783,28.0438917704407,NA,NA,NA,NA,NA,7870.62428255494,NA,NA,21,16.3,"102.06185567010309",NA,NA,"34.349508771929827",67.8000030517578,NA,NA,"83","64","80","63","no information","Latin American and Caribbean Group (GRULAC)",55.8657534132848,63.2842574883362,33.8205571328688,63.2067074718106
"161","Kazakhstan",NA,NA,1.881717,10.6762716120633,14.3938306197409,18.6297825103295,NA,NA,NA,NA,NA,18631.2633186183,NA,NA,16,13.2,"91.860465116279073",NA,NA,"84.367890909090931",56.6,NA,NA,"85","36","73","53","no information","Asia-Pacific Group",45.5774473381595,42.0009237863106,28.0566904216561,67.211757367127
"162","Kenya",NA,NA,2.089634,4.53772051266895,5.54680561875124,9.59428712968447,NA,NA,NA,NA,NA,2620.52119450814,NA,NA,18,14.7,"98.969072164948457",NA,NA,"4.3756372549019602",80.1999969482422,NA,NA,"74","57.999999999999993","72","41","yes ","African group",30.4874988065445,29.1489265466507,23.4926494846283,58.1856300355838
"163","Kuwait",NA,NA,0.133355,3.42628622227247,8.8570550838281,20.0600353939757,NA,NA,NA,NA,NA,88172.481005662,NA,NA,21,16.1,"97.9381443298969",NA,NA,"35.489098360655738",40.7000007629395,NA,NA,"79",NA,"82","52","no information","Asia-Pacific Group",45.5774473381595,42.0009237863106,28.0566904216561,67.211757367127
"164","Lesotho",NA,NA,0.133128,6.23543926011067,5.29490581573601,9.02764293834941,NA,NA,NA,NA,NA,2909.87038659315,NA,NA,16,11.1,NA,NA,NA,"5.8160431654676259",61.3,NA,NA,"70","38","61","23","no information","African group",30.4874988065445,29.1489265466507,23.4926494846283,58.1856300355838
"165","Liberia",NA,NA,0.217132,4.821471950985,5.6265047637177,8.0100194528302,NA,NA,NA,NA,NA,714.636039600981,NA,NA,16,12.3,"100",NA,NA,"11.159130434782607",69.5999984741211,NA,NA,"61","57.999999999999993","78","14.000000000000002","no information","African group",30.4874988065445,29.1489265466507,23.4926494846283,58.1856300355838
"166","Mali",NA,NA,0.705531,4.00876856154431,4.02013711235697,5.7662808612694,NA,NA,NA,NA,NA,1587.46062615013,NA,NA,15,12.5,"98.979591836734699",NA,NA,"4.958948220064725",66.4,NA,NA,"78","67","65","26","no information","African group",30.4874988065445,29.1489265466507,23.4926494846283,58.1856300355838
"167","Mauritania",NA,NA,0.206852,5.08540246693107,6.54965955133095,8.99070485270519,NA,NA,NA,NA,NA,2678.05191797218,NA,NA,16,13.3,"97.826086956521735",NA,NA,"2.7123655913978495",53.5999984741211,NA,NA,"73","62","62","39","no information","African group",30.4874988065445,29.1489265466507,23.4926494846283,58.1856300355838
"168","Myanmar",NA,NA,4.786286,8.88040581883043,13.2495412971656,18.8207976472994,NA,NA,NA,NA,NA,NA,NA,NA,17,12.5,"86.36363636363636",NA,NA,"10.185415834996672",71.1999969482422,NA,NA,"69","86","76","66","no information","Asia-Pacific Group",45.5774473381595,42.0009237863106,28.0566904216561,67.211757367127
"169","Niger",NA,NA,0.837163,4.2070352859825,4.17722219364597,4.0750123083161,NA,NA,NA,NA,NA,878.421378421066,NA,NA,15,13,"100",NA,NA,"0.6881086142322097",69.6999969482422,NA,NA,"70","76","82","38","no information","African group",30.4874988065445,29.1489265466507,23.4926494846283,58.1856300355838
"170","Senegal",NA,NA,0.683972,4.52085172896279,5.05961346732777,8.09120844005215,NA,NA,NA,NA,NA,2146.06626108498,NA,NA,16,13.4,"89.010989010989007",NA,NA,"5.8354601226993861",75.0999984741211,NA,NA,"75","44","68","38","no information","African group",30.4874988065445,29.1489265466507,23.4926494846283,58.1856300355838
"171","Sierra Leone",NA,NA,0.283932,4.3998745425514,4.80320871463222,7.65695496237772,NA,NA,NA,NA,NA,1400.36008722238,NA,NA,13,11.7,"95.959595959595958",NA,NA,"4.8766867469879518",73.3000030517578,NA,NA,"72","49","72","16","no information","African group",30.4874988065445,29.1489265466507,23.4926494846283,58.1856300355838
"172","Singapore",NA,NA,1.000611,17.8561282286473,30.6806199357106,40.4060838942288,NA,NA,NA,NA,NA,72875.9885690663,NA,NA,25,18.6,"106.9767441860465",NA,NA,"40.194958677685953",66.1999969482422,NA,NA,"71","89","82","81","no information","Asia-Pacific Group",45.5774473381595,42.0009237863106,28.0566904216561,67.211757367127
"173","Sudan",NA,NA,2.080759,5.17153001716272,6.43594502509815,9.22511411983455,NA,NA,NA,NA,NA,3379.41575592806,NA,NA,17,14.4,NA,NA,NA,"3.3106175869120653",57.5999984741211,NA,NA,"77","74","44","53","no information","African group",30.4874988065445,29.1489265466507,23.4926494846283,58.1856300355838
"174","Swaziland",NA,NA,0.071334,5.54278654514091,5.71942090315798,7.69758269031508,NA,NA,NA,NA,NA,5882.49260788235,NA,NA,17,10.3,NA,NA,NA,"9.8167213114754102",53.2000007629395,NA,NA,"80","43","62","56.000000000000007","no information","African group",30.4874988065445,29.1489265466507,23.4926494846283,58.1856300355838
"175","Syrian Arab Republic",NA,NA,1.191387,6.43908986357617,8.92224913093559,16.4449350569127,NA,NA,NA,NA,NA,NA,NA,NA,19,16.3,NA,NA,NA,"16.430240740740743",32.7000007629395,NA,NA,"55.000000000000007","32","41","21","yes ","Asia-Pacific Group",45.5774473381595,42.0009237863106,28.0566904216561,67.211757367127
"176","Togo",NA,NA,0.325216,4.45222160677865,5.19938112661155,8.14314127175336,NA,NA,NA,NA,NA,1083.95898837346,NA,NA,17,13.4,"97",NA,NA,"11.965244956772334",81.4000015258789,NA,NA,"43","53","56.000000000000007","18","no information","African group",30.4874988065445,29.1489265466507,23.4926494846283,58.1856300355838
"177","Trinidad and Tobago",NA,NA,0.193406,14.2201092870461,20.1909513761789,28.15791511772,NA,NA,NA,NA,NA,24990.2747396962,NA,NA,18,13.3,"97.979797979797979",NA,NA,"27.551768292682926",49.8,NA,NA,"82","55.000000000000007","89","63","yes","Latin American and Caribbean Group (GRULAC)",55.8657534132848,63.2842574883362,33.8205571328688,63.2067074718106
"178","United Arab Emirates",NA,NA,0.215161,2.34969825694392,11.282167744512,23.4849060622524,NA,NA,NA,NA,NA,57094.7637335457,NA,NA,20,15.5,"87.628865979381445",NA,NA,"43.283440860215052",60.0999984741211,NA,NA,"90","89","95","84","no information","Asia-Pacific Group",45.5774473381595,42.0009237863106,28.0566904216561,67.211757367127
"179","Yemen",NA,NA,1.254085,4.67380348584714,5.33539162163163,9.93866273275537,NA,NA,NA,NA,NA,3490.74297861582,NA,NA,16,12.1,"86.206896551724142",NA,NA,"0.10354235423542354",43.7000007629395,NA,NA,"66","71","50","36","no information","Asia-Pacific Group",45.5774473381595,42.0009237863106,28.0566904216561,67.211757367127
"180","Zimbabwe",NA,NA,0.685717,4.3948467805453,4.55471170710627,10.1772077525754,NA,NA,NA,NA,NA,1612.64624785767,NA,NA,18,11,"95.50561797752809",NA,NA,"18.145112285336857",87.3000030517578,NA,NA,"77","46","60","62","no information","African group",30.4874988065445,29.1489265466507,23.4926494846283,58.1856300355838
"181","Andorra",NA,NA,NA,NA,NA,NA,NA,NA,NA,NA,NA,NA,NA,NA,25,18.581,NA,NA,NA,NA,NA,NA,NA,NA,NA,NA,NA,"no information","Western European and Others Group (WEOG)",78.9389427534014,74.4421025772514,47.8963670031928,74.2945143248702
"182","Antigua and Barbuda",NA,NA,0.009872,10.7517044588207,19.6778344374017,24.8766084578896,NA,NA,NA,NA,NA,19289.6937407196,NA,NA,22,15.351,NA,NA,NA,NA,NA,NA,NA,NA,NA,NA,NA,"no information","Latin American and Caribbean Group (GRULAC)",55.8657534132848,63.2842574883362,33.8205571328688,63.2067074718106
"183","Dominica",NA,NA,NA,NA,NA,NA,NA,NA,NA,NA,NA,10121.8113235728,NA,NA,21,15.474,NA,NA,NA,NA,NA,NA,NA,NA,NA,NA,NA,"no information","Latin American and Caribbean Group (GRULAC)",55.8657534132848,63.2842574883362,33.8205571328688,63.2067074718106
"184","Kiribati",NA,NA,0.006821,6.06726381612303,9.26910932632605,11.9752275394299,NA,NA,NA,NA,NA,2394.15121829775,NA,NA,17,10.063,NA,NA,NA,NA,NA,NA,NA,NA,NA,NA,NA,"no information","Asia-Pacific Group",45.5774473381595,42.0009237863106,28.0566904216561,67.211757367127
"185","Liechtenstein",NA,NA,NA,NA,NA,NA,NA,NA,NA,NA,NA,NA,NA,NA,NA,NA,NA,NA,NA,NA,58.2,NA,NA,NA,NA,NA,NA,"no information","Western European and Others Group (WEOG)",78.9389427534014,74.4421025772514,47.8963670031928,74.2945143248702
"186","Marshall Islands",NA,NA,NA,NA,NA,NA,NA,NA,NA,NA,NA,4277.64676575846,NA,NA,18,10.963,NA,NA,NA,NA,NA,NA,NA,NA,NA,NA,NA,"no information","Asia-Pacific Group",45.5774473381595,42.0009237863106,28.0566904216561,67.211757367127
"187","Monaco",NA,NA,NA,NA,NA,NA,NA,NA,NA,NA,NA,NA,NA,NA,25,NA,NA,NA,NA,NA,NA,NA,NA,NA,NA,NA,NA,"no information","Western European and Others Group (WEOG)",78.9389427534014,74.4421025772514,47.8963670031928,74.2945143248702
"188","Nauru",NA,NA,NA,NA,NA,NA,NA,NA,NA,NA,NA,NA,NA,NA,23,NA,NA,NA,NA,NA,NA,NA,NA,NA,NA,NA,NA,"no information","Asia-Pacific Group",45.5774473381595,42.0009237863106,28.0566904216561,67.211757367127
"189","Palau",NA,NA,NA,NA,NA,NA,NA,NA,NA,NA,NA,13372.3515151182,NA,NA,18,NA,NA,NA,NA,NA,NA,NA,NA,NA,NA,NA,NA,"no information","Asia-Pacific Group",45.5774473381595,42.0009237863106,28.0566904216561,67.211757367127
"190","Saint Kitts and Nevis",NA,NA,NA,NA,NA,NA,NA,NA,NA,NA,NA,19744.3540061469,NA,NA,19,NA,NA,NA,NA,NA,NA,NA,NA,NA,NA,NA,NA,"no information","Latin American and Caribbean Group (GRULAC)",55.8657534132848,63.2842574883362,33.8205571328688,63.2067074718106
"191","San Marino",NA,NA,NA,NA,NA,NA,NA,NA,NA,NA,NA,NA,NA,NA,25,NA,NA,NA,NA,NA,NA,NA,NA,NA,NA,NA,NA,"no information","Western European and Others Group (WEOG)",78.9389427534014,74.4421025772514,47.8963670031928,74.2945143248702
"192","Seychelles",NA,NA,0.010546,10.931782608245,19.0618910551253,27.3884327384418,NA,NA,NA,NA,NA,21824.5662045751,NA,NA,20,12.253,NA,NA,NA,NA,51.8,NA,NA,NA,NA,NA,NA,"no information","African group",30.4874988065445,29.1489265466507,23.4926494846283,58.1856300355838
"193","South Sudan",NA,NA,0.633817,5.13635864144446,5.65624829623211,7.51309699375405,NA,NA,NA,NA,NA,2085.19435753265,NA,NA,16,NA,NA,NA,NA,NA,NA,NA,NA,NA,NA,NA,NA,"no information","African group",30.4874988065445,29.1489265466507,23.4926494846283,58.1856300355838
"194","Tuvalu",NA,NA,NA,NA,NA,NA,NA,NA,NA,NA,NA,5123.60559948791,NA,NA,16,NA,NA,NA,NA,NA,NA,NA,NA,NA,NA,NA,NA,"no information","Asia-Pacific Group",45.5774473381595,42.0009237863106,28.0566904216561,67.211757367127
"195","Aruba",NA,NA,0.019,18.4600872084629,28.4243250308077,28.8290506534821,NA,NA,NA,NA,NA,NA,NA,NA,NA,NA,NA,NA,NA,NA,55.5,NA,NA,NA,NA,NA,NA,"no information","Latin American and Caribbean Group (GRULAC)",55.8657534132848,63.2842574883362,33.8205571328688,63.2067074718106
"196","Channel Islands",NA,NA,0.038,23.6327981819515,30.9879783806138,34.9081234166362,NA,NA,NA,NA,NA,NA,NA,NA,NA,NA,NA,NA,NA,NA,NA,NA,NA,NA,NA,NA,NA,"no information","Western European and Others Group (WEOG)",78.9389427534014,74.4421025772514,47.8963670031928,74.2945143248702
"197","China, Hong Kong SAR",NA,NA,1.581,21.6948091124801,33.5832165228782,40.913892052707,NA,NA,NA,NA,NA,50991.8768137395,NA,NA,NA,NA,"83.606557377049185",NA,NA,"37.0247220106626",51.6,NA,NA,"71","87","87","83","no information","Asia-Pacific Group",45.5774473381595,42.0009237863106,28.0566904216561,67.211757367127
"198","China, Macao SAR",NA,NA,0.086,14.7883105346099,25.6809738701164,34.5279850679473,NA,NA,NA,NA,NA,108818.955406489,NA,NA,NA,NA,NA,NA,NA,"42.723750000000003",62,NA,NA,NA,NA,NA,NA,"no information","Asia-Pacific Group",45.5774473381595,42.0009237863106,28.0566904216561,67.211757367127
"199","French Guiana",NA,NA,0.021,7.84234157092544,12.7107645584519,17.0456168361536,NA,NA,NA,NA,NA,NA,NA,NA,NA,NA,NA,NA,NA,NA,58,NA,NA,NA,NA,NA,NA,"no information","Latin American and Caribbean Group (GRULAC)",55.8657534132848,63.2842574883362,33.8205571328688,63.2067074718106
"200","French Polynesia",NA,NA,0.032,11.6015475803143,19.7374186429565,28.3732981408949,NA,NA,NA,NA,NA,NA,NA,NA,NA,NA,NA,NA,NA,NA,34.0999984741211,NA,NA,NA,NA,NA,NA,"no information","Asia-Pacific Group",45.5774473381595,42.0009237863106,28.0566904216561,67.211757367127
"201","Guadeloupe",NA,NA,0.094,20.2442096274949,30.5308067488723,33.9654909085063,NA,NA,NA,NA,NA,NA,NA,NA,NA,NA,NA,NA,NA,NA,49.2999992370605,NA,NA,NA,NA,NA,NA,"no information","Latin American and Caribbean Group (GRULAC)",55.8657534132848,63.2842574883362,33.8205571328688,63.2067074718106
"202","Guam",NA,NA,0.022,13.0494157812638,19.9199844164407,24.8791326532853,NA,NA,NA,NA,NA,NA,NA,NA,NA,NA,NA,NA,NA,NA,59.0999984741211,NA,NA,NA,NA,NA,NA,"no information","Asia-Pacific Group",45.5774473381595,42.0009237863106,28.0566904216561,67.211757367127
"203","Martinique",NA,NA,0.103,26.1895692753989,38.5252546434225,35.900071218109,NA,NA,NA,NA,NA,NA,NA,NA,NA,NA,NA,NA,NA,NA,50.0999984741211,NA,NA,NA,NA,NA,NA,"no information","Latin American and Caribbean Group (GRULAC)",55.8657534132848,63.2842574883362,33.8205571328688,63.2067074718106
"204","Mayotte",NA,NA,0.013,5.57756806866238,8.00258035270632,13.3124959747537,NA,NA,NA,NA,NA,NA,NA,NA,NA,NA,NA,NA,NA,NA,NA,NA,NA,NA,NA,NA,NA,"no information","African group",30.4874988065445,29.1489265466507,23.4926494846283,58.1856300355838
"205","Netherlands Antilles",NA,NA,NA,NA,NA,NA,NA,NA,NA,NA,NA,NA,NA,NA,NA,NA,NA,NA,NA,NA,49,NA,NA,NA,NA,NA,NA,"no information","Latin American and Caribbean Group (GRULAC)",55.8657534132848,63.2842574883362,33.8205571328688,63.2067074718106
"206","New Caledonia",NA,NA,0.038,14.4919769837107,19.5942122186495,24.9491717540766,NA,NA,NA,NA,NA,NA,NA,NA,NA,NA,NA,NA,NA,NA,41.5999984741211,NA,NA,NA,NA,NA,NA,"no information","Asia-Pacific Group",45.5774473381595,42.0009237863106,28.0566904216561,67.211757367127
"207","Puerto Rico",NA,NA,0.723,19.6326710356485,25.4689525656448,33.757009923108,NA,NA,NA,NA,NA,26186.5988690276,NA,NA,NA,NA,"97.979797979797979",NA,NA,NA,32.7999992370605,NA,NA,"91","57","79","36","no information","Latin American and Caribbean Group (GRULAC)",55.8657534132848,63.2842574883362,33.8205571328688,63.2067074718106
"208","Reunion",NA,NA,0.13,15.1389879162148,25.4710814147386,30.8569440060858,NA,NA,NA,NA,NA,NA,NA,NA,NA,NA,NA,NA,NA,"21.267111111111113",36.8,NA,NA,NA,NA,NA,NA,"no information","African group",30.4874988065445,29.1489265466507,23.4926494846283,58.1856300355838
"209","United States Virgin Islands",NA,NA,0.025,24.057540149213,32.1908063953872,32.145696321457,NA,NA,NA,NA,NA,NA,NA,NA,NA,NA,NA,NA,NA,NA,59.7999992370605,NA,NA,NA,NA,NA,NA,"no information","Latin American and Caribbean Group (GRULAC)",55.8657534132848,63.2842574883362,33.8205571328688,63.2067074718106
"210",NA,NA,NA,NA,NA,NA,NA,NA,NA,NA,NA,NA,NA,NA,NA,NA,NA,NA,NA,NA,NA,NA,NA,NA,NA,NA,NA,NA,NA,NA,NA,NA,NA,NA
